{
    "name": "root",
    "gauges": {
        "Predator.Policy.Entropy.mean": {
            "value": 1.4230059385299683,
            "min": 1.4189382791519165,
            "max": 1.4240227937698364,
            "count": 20
        },
        "Predator.Policy.Entropy.sum": {
            "value": 14116.21875,
            "min": 13250.0380859375,
            "max": 161344.40625,
            "count": 20
        },
        "Predator.Environment.EpisodeLength.mean": {
            "value": 28.95223880597015,
            "min": 28.95223880597015,
            "max": 142.5,
            "count": 20
        },
        "Predator.Environment.EpisodeLength.sum": {
            "value": 9699.0,
            "min": 9529.0,
            "max": 109323.0,
            "count": 20
        },
        "Predator.Self-play.ELO.mean": {
            "value": 1514.859405925502,
            "min": 1206.9314444298616,
            "max": 1514.859405925502,
            "count": 20
        },
        "Predator.Self-play.ELO.sum": {
            "value": 507477.90098504315,
            "min": 84485.20111009032,
            "max": 507477.90098504315,
            "count": 20
        },
        "Predator.Step.mean": {
            "value": 199957.0,
            "min": 9639.0,
            "max": 199957.0,
            "count": 20
        },
        "Predator.Step.sum": {
            "value": 199957.0,
            "min": 9639.0,
            "max": 199957.0,
            "count": 20
        },
        "Predator.Policy.ExtrinsicValueEstimate.mean": {
            "value": 0.96317458152771,
            "min": -3.0983779430389404,
            "max": 0.96317458152771,
            "count": 20
        },
        "Predator.Policy.ExtrinsicValueEstimate.sum": {
            "value": 321.7003173828125,
            "min": -260.5513000488281,
            "max": 321.7003173828125,
            "count": 20
        },
        "Predator.Environment.CumulativeReward.mean": {
            "value": 1.1915599331942883,
            "min": -9.864089949621953,
            "max": 1.192210275420471,
            "count": 20
        },
        "Predator.Environment.CumulativeReward.sum": {
            "value": 397.9810176868923,
            "min": -725.1186455050483,
            "max": 397.9810176868923,
            "count": 20
        },
        "Predator.Policy.ExtrinsicReward.mean": {
            "value": 1.1915599331942883,
            "min": -9.864089949621953,
            "max": 1.192210275420471,
            "count": 20
        },
        "Predator.Policy.ExtrinsicReward.sum": {
            "value": 397.9810176868923,
            "min": -725.1186455050483,
            "max": 397.9810176868923,
            "count": 20
        },
        "Predator.IsTraining.mean": {
            "value": 1.0,
            "min": 1.0,
            "max": 1.0,
            "count": 20
        },
        "Predator.IsTraining.sum": {
            "value": 1.0,
            "min": 1.0,
            "max": 1.0,
            "count": 20
        },
        "Predator.Losses.PolicyLoss.mean": {
            "value": 0.018534811136002343,
            "min": 0.016438570238339403,
            "max": 0.0300170623154069,
            "count": 19
        },
        "Predator.Losses.PolicyLoss.sum": {
            "value": 0.018534811136002343,
            "min": 0.016438570238339403,
            "max": 0.0300170623154069,
            "count": 19
        },
        "Predator.Losses.ValueLoss.mean": {
            "value": 0.4312390208244324,
            "min": 0.4312390208244324,
            "max": 16.252071857452393,
            "count": 19
        },
        "Predator.Losses.ValueLoss.sum": {
            "value": 0.4312390208244324,
            "min": 0.4312390208244324,
            "max": 16.252071857452393,
            "count": 19
        },
        "Predator.Policy.LearningRate.mean": {
            "value": 0.0003,
            "min": 0.0003,
            "max": 0.0003,
            "count": 19
        },
        "Predator.Policy.LearningRate.sum": {
            "value": 0.0003,
            "min": 0.0003,
            "max": 0.0003,
            "count": 19
        },
        "Predator.Policy.Epsilon.mean": {
            "value": 0.20000000000000007,
            "min": 0.20000000000000007,
            "max": 0.20000000000000007,
            "count": 19
        },
        "Predator.Policy.Epsilon.sum": {
            "value": 0.20000000000000007,
            "min": 0.20000000000000007,
            "max": 0.20000000000000007,
            "count": 19
        },
        "Predator.Policy.Beta.mean": {
            "value": 0.005000000000000001,
            "min": 0.005000000000000001,
            "max": 0.005000000000000001,
            "count": 19
        },
        "Predator.Policy.Beta.sum": {
            "value": 0.005000000000000001,
            "min": 0.005000000000000001,
            "max": 0.005000000000000001,
            "count": 19
        },
        "Prey.Policy.Entropy.mean": {
            "value": 1.4230036735534668,
            "min": 1.4189385175704956,
            "max": 1.4246891736984253,
            "count": 10
        },
        "Prey.Policy.Entropy.sum": {
            "value": 14116.1962890625,
            "min": 13637.8046875,
            "max": 159352.46875,
            "count": 10
        },
        "Prey.Environment.EpisodeLength.mean": {
            "value": 140.42857142857142,
            "min": 125.5925925925926,
            "max": 140.42857142857142,
            "count": 10
        },
        "Prey.Environment.EpisodeLength.sum": {
            "value": 9830.0,
            "min": 9575.0,
            "max": 109504.0,
            "count": 10
        },
        "Prey.Self-play.ELO.mean": {
            "value": 1263.7656679516379,
            "min": 1157.4637739186094,
            "max": 1263.7656679516379,
            "count": 10
        },
        "Prey.Self-play.ELO.sum": {
            "value": 88463.59675661466,
            "min": 85066.34104093815,
            "max": 99392.72874997449,
            "count": 10
        },
        "Prey.Step.mean": {
            "value": 99804.0,
            "min": 9967.0,
            "max": 99804.0,
            "count": 10
        },
        "Prey.Step.sum": {
            "value": 99804.0,
            "min": 9967.0,
            "max": 99804.0,
            "count": 10
        },
        "Prey.Policy.ExtrinsicValueEstimate.mean": {
            "value": 2.8379971981048584,
            "min": 0.11216086894273758,
            "max": 2.8379971981048584,
            "count": 10
        },
        "Prey.Policy.ExtrinsicValueEstimate.sum": {
            "value": 198.65980529785156,
            "min": 8.524226188659668,
            "max": 200.66607666015625,
            "count": 10
        },
        "Prey.Environment.CumulativeReward.mean": {
            "value": 10.185714285714285,
            "min": 4.381578947368421,
            "max": 10.185714285714285,
            "count": 10
        },
        "Prey.Environment.CumulativeReward.sum": {
            "value": 713.0,
            "min": 333.0,
            "max": 713.0,
            "count": 10
        },
        "Prey.Policy.ExtrinsicReward.mean": {
            "value": 10.185714285714285,
            "min": 4.381578947368421,
            "max": 10.185714285714285,
            "count": 10
        },
        "Prey.Policy.ExtrinsicReward.sum": {
            "value": 713.0,
            "min": 333.0,
            "max": 713.0,
            "count": 10
        },
        "Prey.IsTraining.mean": {
            "value": 1.0,
            "min": 1.0,
            "max": 1.0,
            "count": 10
        },
        "Prey.IsTraining.sum": {
            "value": 1.0,
            "min": 1.0,
            "max": 1.0,
            "count": 10
        },
        "Prey.Losses.PolicyLoss.mean": {
            "value": 0.01997376390111943,
            "min": 0.018748352723196148,
            "max": 0.025520685377220312,
            "count": 9
        },