{
    "name": "root",
    "gauges": {
        "Predator.Policy.Entropy.mean": {
            "value": 1.579230546951294,
            "min": 1.4180115461349487,
            "max": 1.579230546951294,
            "count": 192
        },
        "Predator.Policy.Entropy.sum": {
            "value": 16044.982421875,
            "min": 12712.259765625,
            "max": 17371.40234375,
            "count": 192
        },
        "Predator.Environment.EpisodeLength.mean": {
            "value": 46.813397129186605,
            "min": 37.507751937984494,
            "max": 147.69565217391303,
            "count": 192
        },
        "Predator.Environment.EpisodeLength.sum": {
            "value": 9784.0,
            "min": 9415.0,
            "max": 10404.0,
            "count": 192
        },
        "Predator.Step.mean": {
            "value": 1919982.0,
            "min": 9931.0,
            "max": 1919982.0,
            "count": 192
        },
        "Predator.Step.sum": {
            "value": 1919982.0,
            "min": 9931.0,
            "max": 1919982.0,
            "count": 192
        },
        "Predator.Policy.ExtrinsicValueEstimate.mean": {
            "value": -0.013794058933854103,
            "min": -4.9662089347839355,
            "max": 0.30652695894241333,
            "count": 192
        },
        "Predator.Policy.ExtrinsicValueEstimate.sum": {
            "value": -2.88295841217041,
            "min": -408.7580871582031,
            "max": 76.01868438720703,
            "count": 192
        },
        "Predator.Environment.CumulativeReward.mean": {
            "value": -0.569377990430622,
            "min": -11.01388888888889,
            "max": 0.7540322580645161,
            "count": 192
        },
        "Predator.Environment.CumulativeReward.sum": {
            "value": -119.0,
            "min": -793.0,
            "max": 187.0,
            "count": 192
        },
        "Predator.Policy.ExtrinsicReward.mean": {
            "value": -0.569377990430622,
            "min": -11.01388888888889,
            "max": 0.7540322580645161,
            "count": 192
        },
        "Predator.Policy.ExtrinsicReward.sum": {
            "value": -119.0,
            "min": -793.0,
            "max": 187.0,
            "count": 192
        },
        "Predator.IsTraining.mean": {
            "value": 1.0,
            "min": 1.0,
            "max": 1.0,
            "count": 192
        },
        "Predator.IsTraining.sum": {
            "value": 1.0,
            "min": 1.0,
            "max": 1.0,
            "count": 192
        },
        "Prey.Policy.Entropy.mean": {
            "value": 1.2486951351165771,
            "min": 1.2486951351165771,
            "max": 1.422746181488037,
            "count": 192
        },
        "Prey.Policy.Entropy.sum": {
            "value": 12686.7431640625,
            "min": 11097.8662109375,
            "max": 17265.640625,
            "count": 192
        },
        "Prey.Environment.EpisodeLength.mean": {
            "value": 46.813397129186605,
            "min": 37.507751937984494,
            "max": 147.69565217391303,
            "count": 192
        },
        "Prey.Environment.EpisodeLength.sum": {
            "value": 9784.0,
            "min": 9415.0,
            "max": 10404.0,
            "count": 192
        },
        "Prey.Step.mean": {
            "value": 1919982.0,
            "min": 9931.0,
            "max": 1919982.0,
            "count": 192
        },
        "Prey.Step.sum": {
            "value": 1919982.0,
            "min": 9931.0,
            "max": 1919982.0,
            "count": 192
        },
        "Prey.Policy.ExtrinsicValueEstimate.mean": {
            "value": 0.04435212165117264,
            "min": -0.24499133229255676,
            "max": 4.8381829261779785,
            "count": 192
        },
        "Prey.Policy.ExtrinsicValueEstimate.sum": {
            "value": 9.269593238830566,
            "min": -63.207763671875,
            "max": 392.4278869628906,
            "count": 192
        },
        "Prey.Environment.CumulativeReward.mean": {
            "value": 0.569377990430622,
            "min": -0.7540322580645161,
            "max": 11.01388888888889,
            "count": 192
        },
        "Prey.Environment.CumulativeReward.sum": {
            "value": 119.0,
            "min": -187.0,
            "max": 793.0,
            "count": 192
        },
        "Prey.Policy.ExtrinsicReward.mean": {
            "value": 0.569377990430622,
            "min": -0.7540322580645161,
            "max": 11.01388888888889,
            "count": 192
        },
        "Prey.Policy.ExtrinsicReward.sum": {
            "value": 119.0,
            "min": -187.0,
            "max": 793.0,
            "count": 192
        },
        "Prey.IsTraining.mean": {
            "value": 1.0,
            "min": 1.0,
            "max": 1.0,
            "count": 192
        },
        "Prey.IsTraining.sum": {
            "value": 1.0,
            "min": 1.0,
            "max": 1.0,
            "count": 192
        },
        "Predator.Losses.PolicyLoss.mean": {
            "value": 0.02389094952183465,
            "min": 0.013076518763167162,
            "max": 0.03228763630613685,
            "count": 184
        },
        "Predator.Losses.PolicyLoss.sum": {
            "value": 0.02389094952183465,
            "min": 0.013076518763167162,
            "max": 0.03228763630613685,
            "count": 184
        },
        "Predator.Losses.ValueLoss.mean": {
            "value": 6.930454111099243,
            "min": 3.686515661080678,
            "max": 18.502005863189698,
            "count": 184
        },
        "Predator.Losses.ValueLoss.sum": {
            "value": 6.930454111099243,
            "min": 3.686515661080678,
            "max": 18.502005863189698,
            "count": 184
        },
        "Predator.Policy.LearningRate.mean": {
            "value": 0.0003,
            "min": 0.0003,
            "max": 0.0003,
            "count": 184
        },
        "Predator.Policy.LearningRate.sum": {
            "value": 0.0003,
            "min": 0.0003,
            "max": 0.0003,
            "count": 184
        },
        "Predator.Policy.Epsilon.mean": {
            "value": 0.20000000000000007,
            "min": 0.20000000000000007,
            "max": 0.20000000000000007,
            "count": 184
        },
        "Predator.Policy.Epsilon.sum": {
            "value": 0.20000000000000007,
            "min": 0.20000000000000007,
            "max": 0.20000000000000007,
            "count": 184
        },
        "Predator.Policy.Beta.mean": {
            "value": 0.005000000000000001,
            "min": 0.005000000000000001,
            "max": 0.005000000000000001,
            "count": 184
        },
        "Predator.Policy.Beta.sum": {
            "value": 0.005000000000000001,
            "min": 0.005000000000000001,
            "max": 0.005000000000000001,
            "count": 184
        },
        "Prey.Losses.PolicyLoss.mean": {
            "value": 0.020312479208223523,
            "min": 0.01378779869992286,
            "max": 0.03398146852850914,
            "count": 184
        },
        "Prey.Losses.PolicyLoss.sum": {
            "value": 0.020312479208223523,
            "min": 0.01378779869992286,
            "max": 0.03398146852850914,
            "count": 184
        },
        "Prey.Losses.ValueLoss.mean": {
            "value": 7.586724408467611,
            "min": 3.7450835863749186,
            "max": 19.251600456237792,
            "count": 184
        },
        "Prey.Losses.ValueLoss.sum": {
            "value": 7.586724408467611,
            "min": 3.7450835863749186,
            "max": 19.251600456237792,
            "count": 184
        },
        "Prey.Policy.LearningRate.mean": {
            "value": 0.0003,
            "min": 0.0003,
            "max": 0.0003,
            "count": 184
        },