{"count":1,"self":619.1605248,"total":2394.1014609999997,"children":{"InitializeActuators":{"count":16,"self":0.0022745,"total":0.0022745,"children":null},"InitializeSensors":{"count":16,"self":0.0040666999999999995,"total":0.0040666999999999995,"children":null},"AgentSendState":{"count":636251,"self":51.120387199999996,"total":80.1705509,"children":{"CollectObservations":{"count":2036048,"self":2.7887076,"total":2.7887076,"children":null},"WriteActionMask":{"count":2036048,"self":1.0855071,"total":1.0855071,"children":null},"RequestDecision":{"count":2036048,"self":4.2570207999999994,"total":25.175949199999998,"children":{"AgentInfo.ToProto":{"count":2036048,"self":3.9058615999999997,"total":20.9189284,"children":{"GenerateSensorData":{"count":2036048,"self":13.5938352,"total":17.013067,"children":{"RayPerceptionSensor.Perceive":{"count":2036048,"self":3.4192312,"total":3.4192312,"children":null}}}}}}}}},"DecideAction":{"count":636251,"self":1508.9327104,"total":1508.9327323999998,"children":null},"AgentAct":{"count":636251,"self":185.3353472,"total":185.33534229999998,"children":null},"AgentInfo.ToProto":{"count":24146,"self":0.13787939999999999,"total":0.4959751,"children":{"GenerateSensorData":{"count":24146,"self":0.312403,"total":0.35809569999999996,"children":{"RayPerceptionSensor.Perceive":{"count":24146,"self":0.045692699999999996,"total":0.045692699999999996,"children":null}}}}}},"gauges":{"Prey.CumulativeReward":{"count":12073,"max":35,"min":-5,"runningAverage":2.08216524,"value":-2,"weightedAverage":-1.15828967},"Predator.CumulativeReward":{"count":12073,"max":5.76746559,"min":-34.97697,"runningAverage":-1.88094306,"value":2.16441822,"weightedAverage":1.29249036}},"metadata":{"timer_format_version":"0.1.0","start_time_seconds":"1778279205","unity_version":"6000.2.7f2","command_line_arguments":"C:\\Program Files\\Unity\\Hub\\Editor\\6000.2.7f2\\Editor\\Unity.exe -projectpath C:\\Users\\galve\\Desktop\\Aulas\\IAV -acceptSoftwareTermsForThisRunOnly -useHub -hubIPC -cloudEnvironment production","communication_protocol_version":"1.5.0","com.unity.ml-agents_version":"4.0.3","scene_name":"PreyPredator","end_time_seconds":"1778281600"}}