{
    "name": "root",
    "metadata": {
        "timer_format_version": "0.1.0",
        "start_time_seconds": "1776976822",
        "python_version": "3.10.9 (tags/v3.10.9:1dd9be6, Dec  6 2022, 20:01:21) [MSC v.1934 64 bit (AMD64)]",
        "command_line_arguments": "C:\\Users\\olavo\\mlagents-env\\Scripts\\mlagents-learn MoveToTarget.yaml --run-id=MoveToTarget_noDirection",
        "mlagents_version": "1.1.0",
        "mlagents_envs_version": "1.1.0",
        "communication_protocol_version": "1.5.0",
        "pytorch_version": "2.2.2+cpu",
        "numpy_version": "1.23.5",
        "end_time_seconds": "1776976880"
    },
    "total": 58.31744180000533,
    "count": 1,
    "self": 0.010164800012717023,
    "children": {
        "run_training.setup": {
            "total": 0.1859582999968552,
            "count": 1,
            "self": 0.1859582999968552
        },
        "TrainerController.start_learning": {
            "total": 58.121318699995754,
            "count": 1,
            "self": 0.08979010010079946,
            "children": {
                "TrainerController._reset_env": {
                    "total": 14.820124500001839,
                    "count": 1,
                    "self": 14.820124500001839
                },
                "TrainerController.advance": {
                    "total": 42.89529179989768,
                    "count": 3775,
                    "self": 0.08468289991287747,
                    "children": {
                        "env_step": {
                            "total": 33.87499120001303,
                            "count": 3775,
                            "self": 28.723958999922615,
                            "children": {
                                "SubprocessEnvManager._take_step": {
                                    "total": 5.089984899925184,
                                    "count": 3775,
                                    "self": 0.33990619944233913,
                                    "children": {
                                        "TorchPolicy.evaluate": {
                                            "total": 4.750078700482845,
                                            "count": 3741,
                                            "self": 4.750078700482845
                                        }
                                    }
                                },
                                "workers": {
                                    "total": 0.06104730016522808,
                                    "count": 3774,
                                    "self": 0.0,
                                    "children": {
                                        "worker_root": {
                                            "total": 44.43582559993956,
                                            "count": 3774,
                                            "is_parallel": true,
                                            "self": 20.814592599650496,
                                            "children": {
                                                "steps_from_proto": {
                                                    "total": 0.00023209999926621094,
                                                    "count": 1,
                                                    "is_parallel": true,
                                                    "self": 7.890000415500253e-05,
                                                    "children": {
                                                        "_process_rank_one_or_two_observation": {
                                                            "total": 0.0001531999951112084,
                                                            "count": 2,
                                                            "is_parallel": true,
                                                            "self": 0.0001531999951112084
                                                        }
                                                    }
                                                },
                                                "UnityEnvironment.step": {
                                                    "total": 23.6210009002898,
                                                    "count": 3774,
                                                    "is_parallel": true,
                                                    "self": 0.41379340009734733,
                                                    "children": {
                                                        "UnityEnvironment._generate_step_input": {
                                                            "total": 0.4188236000336474,
                                                            "count": 3774,
                                                            "is_parallel": true,
                                                            "self": 0.4188236000336474
                                                        },
                                                        "communicator.exchange": {
                                                            "total": 21.824100399979216,
                                                            "count": 3774,
                                                            "is_parallel": true,
                                                            "self": 21.824100399979216
                                                        },
                                                        "steps_from_proto": {
                                                            "total": 0.9642835001795902,
                                                            "count": 3774,
                                                            "is_parallel": true,
                                                            "self": 0.4571585001031053,
                                                            "children": {
                                                                "_process_rank_one_or_two_observation": {
                                                                    "total": 0.5071250000764849,
                                                                    "count": 7548,
                                                                    "is_parallel": true,
                                                                    "self": 0.5071250000764849
                                                                }
                                                            }
                                                        }
                                                    }
                                                }
                                            }
                                        }
                                    }
                                }
                            }
                        },
                        "trainer_advance": {
                            "total": 8.935617699971772,
                            "count": 3774,
                            "self": 0.10454689979087561,
                            "children": {
                                "process_trajectory": {
                                    "total": 0.37123530018288875,
                                    "count": 3774,
                                    "self": 0.37123530018288875
                                },
                                "_update_policy": {
                                    "total": 8.459835499998007,
                                    "count": 27,
                                    "self": 0.5517365999548929,
                                    "children": {
                                        "TorchPPOOptimizer.update": {
                                            "total": 7.9080989000431146,
                                            "count": 1044,