{
    "name": "root",
    "gauges": {
        "Prey.Policy.Entropy.mean": {
            "value": 1.3899955749511719,
            "min": 1.3896598815917969,
            "max": 1.4222700595855713,
            "count": 44
        },
        "Prey.Policy.Entropy.sum": {
            "value": 13010.3583984375,
            "min": 11084.57421875,
            "max": 159723.96875,
            "count": 44
        },
        "Prey.Environment.EpisodeLength.mean": {
            "value": 27.431192660550458,
            "min": 23.933575153026524,
            "max": 147.12857142857143,
            "count": 44
        },
        "Prey.Environment.EpisodeLength.sum": {
            "value": 8970.0,
            "min": 8970.0,
            "max": 109684.0,
            "count": 44
        },
        "Prey.Self-play.ELO.mean": {
            "value": 1237.8618515972182,
            "min": 1205.0417412330662,
            "max": 1261.808785164039,
            "count": 44
        },
        "Prey.Self-play.ELO.sum": {
            "value": 404780.8254722904,
            "min": 84352.92188631464,
            "max": 404780.8254722904,
            "count": 44
        },
        "Prey.Step.mean": {
            "value": 439959.0,
            "min": 9963.0,
            "max": 439959.0,
            "count": 44
        },
        "Prey.Step.sum": {
            "value": 439959.0,
            "min": 9963.0,
            "max": 439959.0,
            "count": 44
        },
        "Prey.Policy.ExtrinsicValueEstimate.mean": {
            "value": 0.08557847887277603,
            "min": -0.46697571873664856,
            "max": 4.178962230682373,
            "count": 44
        },
        "Prey.Policy.ExtrinsicValueEstimate.sum": {
            "value": 28.069740295410156,
            "min": -32.2213249206543,
            "max": 534.384521484375,
            "count": 44
        },
        "Prey.Environment.CumulativeReward.mean": {
            "value": -0.875,
            "min": -0.875,
            "max": 11.444444444444445,
            "count": 44
        },
        "Prey.Environment.CumulativeReward.sum": {
            "value": -287.0,
            "min": -287.0,
            "max": 824.0,
            "count": 44
        },
        "Prey.Policy.ExtrinsicReward.mean": {
            "value": -0.875,
            "min": -0.875,
            "max": 11.444444444444445,
            "count": 44
        },
        "Prey.Policy.ExtrinsicReward.sum": {
            "value": -287.0,
            "min": -287.0,
            "max": 824.0,
            "count": 44
        },
        "Prey.IsTraining.mean": {
            "value": 1.0,
            "min": 1.0,
            "max": 1.0,
            "count": 44
        },
        "Prey.IsTraining.sum": {
            "value": 1.0,
            "min": 1.0,
            "max": 1.0,
            "count": 44
        },
        "Prey.Losses.PolicyLoss.mean": {
            "value": 0.023768885534567137,
            "min": 0.016898176811325053,
            "max": 0.03227563458494842,
            "count": 41
        },
        "Prey.Losses.PolicyLoss.sum": {
            "value": 0.023768885534567137,
            "min": 0.016898176811325053,
            "max": 0.03227563458494842,
            "count": 41
        },
        "Prey.Losses.ValueLoss.mean": {
            "value": 9.88840545018514,
            "min": 1.6798660516738892,
            "max": 16.1826060295105,
            "count": 41
        },
        "Prey.Losses.ValueLoss.sum": {
            "value": 9.88840545018514,
            "min": 1.6798660516738892,
            "max": 16.1826060295105,
            "count": 41
        },
        "Prey.Policy.LearningRate.mean": {
            "value": 0.0003,
            "min": 0.0003,
            "max": 0.0003,
            "count": 41
        },
        "Prey.Policy.LearningRate.sum": {
            "value": 0.0003,
            "min": 0.0003,
            "max": 0.0003,
            "count": 41
        },
        "Prey.Policy.Epsilon.mean": {
            "value": 0.20000000000000007,
            "min": 0.2,
            "max": 0.20000000000000007,
            "count": 41
        },
        "Prey.Policy.Epsilon.sum": {
            "value": 0.20000000000000007,
            "min": 0.2,
            "max": 0.20000000000000007,
            "count": 41
        },
        "Prey.Policy.Beta.mean": {
            "value": 0.005000000000000001,
            "min": 0.005,
            "max": 0.005000000000000001,
            "count": 41
        },
        "Prey.Policy.Beta.sum": {
            "value": 0.005000000000000001,
            "min": 0.005,
            "max": 0.005000000000000001,
            "count": 41
        },
        "Predator.Policy.Entropy.mean": {
            "value": 1.44440758228302,
            "min": 1.4166373014450073,
            "max": 1.44440758228302,
            "count": 40
        },
        "Predator.Policy.Entropy.sum": {
            "value": 14444.076171875,
            "min": 12557.33203125,
            "max": 160714.640625,
            "count": 40
        },
        "Predator.Environment.EpisodeLength.mean": {
            "value": 18.17049808429119,
            "min": 18.17049808429119,
            "max": 140.6986301369863,
            "count": 40
        },
        "Predator.Environment.EpisodeLength.sum": {
            "value": 9485.0,
            "min": 9485.0,
            "max": 109348.0,
            "count": 40
        },
        "Predator.Self-play.ELO.mean": {
            "value": 1249.7373450348841,
            "min": 1147.7364781412014,
            "max": 1255.519299622078,
            "count": 40
        },
        "Predator.Self-play.ELO.sum": {
            "value": 652362.8941082095,
            "min": 81973.65511697557,
            "max": 652362.8941082095,
            "count": 40
        },
        "Predator.Step.mean": {
            "value": 399991.0,
            "min": 9690.0,
            "max": 399991.0,
            "count": 40
        },
        "Predator.Step.sum": {
            "value": 399991.0,
            "min": 9690.0,
            "max": 399991.0,
            "count": 40
        },
        "Predator.Policy.ExtrinsicValueEstimate.mean": {
            "value": 1.2184596061706543,
            "min": -3.6495275497436523,
            "max": 1.2184596061706543,
            "count": 40
        },
        "Predator.Policy.ExtrinsicValueEstimate.sum": {
            "value": 637.25439453125,
            "min": -310.4029541015625,
            "max": 637.25439453125,
            "count": 40
        },
        "Predator.Environment.CumulativeReward.mean": {
            "value": 1.1147227533460804,
            "min": -10.902777777777779,
            "max": 1.1215469613259668,
            "count": 40
        },
        "Predator.Environment.CumulativeReward.sum": {
            "value": 583.0,
            "min": -785.0,
            "max": 583.0,
            "count": 40
        },
        "Predator.Policy.ExtrinsicReward.mean": {
            "value": 1.1147227533460804,
            "min": -10.902777777777779,
            "max": 1.1215469613259668,
            "count": 40
        },
        "Predator.Policy.ExtrinsicReward.sum": {
            "value": 583.0,
            "min": -785.0,
            "max": 583.0,
            "count": 40
        },
        "Predator.IsTraining.mean": {
            "value": 1.0,
            "min": 1.0,
            "max": 1.0,
            "count": 40
        },
        "Predator.IsTraining.sum": {
            "value": 1.0,
            "min": 1.0,
            "max": 1.0,
            "count": 40
        },
        "Predator.Losses.PolicyLoss.mean": {
            "value": 0.02596901434784134,
            "min": 0.015362016476380328,
            "max": 0.031119030605380734,
            "count": 38
        },
        "Predator.Losses.PolicyLoss.sum": {
            "value": 0.02596901434784134,
            "min": 0.015362016476380328,
            "max": 0.031119030605380734,
            "count": 38
        },