{
    "name": "root",
    "gauges": {
        "MoveToTarget.Policy.Entropy.mean": {
            "value": 1.0104011297225952,
            "min": 1.0104011297225952,
            "max": 1.4301186800003052,
            "count": 2
        },
        "MoveToTarget.Policy.Entropy.sum": {
            "value": 10089.865234375,
            "min": 10089.865234375,
            "max": 14335.509765625,
            "count": 2
        },
        "MoveToTarget.Step.mean": {
            "value": 19991.0,
            "min": 9994.0,
            "max": 19991.0,
            "count": 2
        },
        "MoveToTarget.Step.sum": {
            "value": 19991.0,
            "min": 9994.0,
            "max": 19991.0,
            "count": 2
        },
        "MoveToTarget.Policy.ExtrinsicValueEstimate.mean": {
            "value": 0.5235565900802612,
            "min": 0.31002476811408997,
            "max": 0.5235565900802612,
            "count": 2
        },
        "MoveToTarget.Policy.ExtrinsicValueEstimate.sum": {
            "value": 328.7935485839844,
            "min": 96.72772979736328,
            "max": 328.7935485839844,
            "count": 2
        },
        "MoveToTarget.Losses.PolicyLoss.mean": {
            "value": 0.23930902686106956,
            "min": 0.23930902686106956,
            "max": 0.24747663641090706,
            "count": 2
        },
        "MoveToTarget.Losses.PolicyLoss.sum": {
            "value": 21.77712144435733,
            "min": 20.29308418569438,
            "max": 21.77712144435733,
            "count": 2
        },
        "MoveToTarget.Losses.ValueLoss.mean": {
            "value": 0.43000634440047647,
            "min": 0.23132776238154668,
            "max": 0.43000634440047647,
            "count": 2
        },
        "MoveToTarget.Losses.ValueLoss.sum": {
            "value": 39.13057734044336,
            "min": 18.968876515286826,
            "max": 39.13057734044336,
            "count": 2
        },
        "MoveToTarget.Policy.LearningRate.mean": {
            "value": 0.00029097927333658017,
            "min": 0.00029097927333658017,
            "max": 0.0002968786839672683,
            "count": 2
        },
        "MoveToTarget.Policy.LearningRate.sum": {
            "value": 0.026479113873628796,
            "min": 0.024344052085316,
            "max": 0.026479113873628796,
            "count": 2
        },
        "MoveToTarget.Policy.Epsilon.mean": {
            "value": 0.19699309010989013,
            "min": 0.19699309010989013,
            "max": 0.1989595609756098,
            "count": 2
        },
        "MoveToTarget.Policy.Epsilon.sum": {
            "value": 17.926371200000002,
            "min": 16.314684000000003,
            "max": 17.926371200000002,
            "count": 2
        },
        "MoveToTarget.Policy.Beta.mean": {
            "value": 0.0048499551964835165,
            "min": 0.0048499551964835165,
            "max": 0.004948082092682927,
            "count": 2
        },
        "MoveToTarget.Policy.Beta.sum": {
            "value": 0.44134592288,
            "min": 0.40574273159999996,
            "max": 0.44134592288,
            "count": 2
        },
        "MoveToTarget.Environment.EpisodeLength.mean": {
            "value": 14.901273885350319,
            "min": 14.901273885350319,
            "max": 38.77777777777778,
            "count": 2
        },
        "MoveToTarget.Environment.EpisodeLength.sum": {
            "value": 9358.0,
            "min": 9358.0,
            "max": 9772.0,
            "count": 2
        },
        "MoveToTarget.Environment.CumulativeReward.mean": {
            "value": 0.6273885350318471,
            "min": 0.46613545816733065,
            "max": 0.6273885350318471,
            "count": 2
        },
        "MoveToTarget.Environment.CumulativeReward.sum": {
            "value": 394.0,
            "min": 117.0,
            "max": 394.0,
            "count": 2
        },
        "MoveToTarget.Policy.ExtrinsicReward.mean": {
            "value": 0.6273885350318471,
            "min": 0.46613545816733065,
            "max": 0.6273885350318471,
            "count": 2
        },
        "MoveToTarget.Policy.ExtrinsicReward.sum": {
            "value": 394.0,
            "min": 117.0,
            "max": 394.0,
            "count": 2
        },
        "MoveToTarget.IsTraining.mean": {
            "value": 1.0,
            "min": 1.0,
            "max": 1.0,
            "count": 2
        },
        "MoveToTarget.IsTraining.sum": {
            "value": 1.0,
            "min": 1.0,
            "max": 1.0,
            "count": 2
        }
    },
    "metadata": {
        "timer_format_version": "0.1.0",
        "start_time_seconds": "1776978517",
        "python_version": "3.10.9 (tags/v3.10.9:1dd9be6, Dec  6 2022, 20:01:21) [MSC v.1934 64 bit (AMD64)]",
        "command_line_arguments": "C:\\Users\\olavo\\mlagents-env\\Scripts\\mlagents-learn MoveToTarget.yaml --run-id=MoveToTarget_discrete",
        "mlagents_version": "1.1.0",
        "mlagents_envs_version": "1.1.0",
        "communication_protocol_version": "1.5.0",
        "pytorch_version": "2.2.2+cpu",
        "numpy_version": "1.23.5",
        "end_time_seconds": "1776978876"
    },
    "total": 359.1180596999984,
    "count": 1,
    "self": 0.010410199996840674,
    "children": {
        "run_training.setup": {
            "total": 0.14544730000488926,
            "count": 1,
            "self": 0.14544730000488926
        },
        "TrainerController.start_learning": {
            "total": 358.9622021999967,
            "count": 1,
            "self": 0.8107242000405677,
            "children": {
                "TrainerController._reset_env": {
                    "total": 14.231650300003821,
                    "count": 1,
                    "self": 14.231650300003821
                },
                "TrainerController.advance": {
                    "total": 343.5849119999548,
                    "count": 23559,
                    "self": 0.7935596999377594,
                    "children": {
                        "env_step": {
                            "total": 242.5154447998575,
                            "count": 23559,
                            "self": 186.79864810054278,
                            "children": {
                                "SubprocessEnvManager._take_step": {
                                    "total": 55.15971899973374,
                                    "count": 23559,
                                    "self": 2.4546976998317405,
                                    "children": {
                                        "TorchPolicy.evaluate": {
                                            "total": 52.705021299902,
                                            "count": 22719,
                                            "self": 52.705021299902
                                        }
                                    }
                                },
                                "workers": {
                                    "total": 0.5570776995809865,
                                    "count": 23558,
                                    "self": 0.0,
                                    "children": {
                                        "worker_root": {
                                            "total": 346.05782760046714,
                                            "count": 23558,
                                            "is_parallel": true,
                                            "self": 202.18845970067923,
                                            "children": {
                                                "steps_from_proto": {
                                                    "total": 0.004248199998983182,
                                                    "count": 1,
                                                    "is_parallel": true,
                                                    "self": 0.0008961000057752244,