{
    "name": "root",
    "gauges": {
        "MoveToTarget.Policy.Entropy.mean": {
            "value": 1.39990234375,
            "min": 1.39990234375,
            "max": 1.39990234375,
            "count": 1
        },
        "MoveToTarget.Policy.Entropy.sum": {
            "value": 14000.4228515625,
            "min": 14000.4228515625,
            "max": 14000.4228515625,
            "count": 1
        },
        "MoveToTarget.Step.mean": {
            "value": 9993.0,
            "min": 9993.0,
            "max": 9993.0,
            "count": 1
        },
        "MoveToTarget.Step.sum": {
            "value": 9993.0,
            "min": 9993.0,
            "max": 9993.0,
            "count": 1
        },
        "MoveToTarget.Policy.ExtrinsicValueEstimate.mean": {
            "value": 0.8388215899467468,
            "min": 0.8388215899467468,
            "max": 0.8388215899467468,
            "count": 1
        },
        "MoveToTarget.Policy.ExtrinsicValueEstimate.sum": {
            "value": 603.1127319335938,
            "min": 603.1127319335938,
            "max": 603.1127319335938,
            "count": 1
        },
        "MoveToTarget.Losses.PolicyLoss.mean": {
            "value": 0.24897925076091948,
            "min": 0.24897925076091948,
            "max": 0.24897925076091948,
            "count": 1
        },
        "MoveToTarget.Losses.PolicyLoss.sum": {
            "value": 21.661194816199995,
            "min": 21.661194816199995,
            "max": 21.661194816199995,
            "count": 1
        },
        "MoveToTarget.Losses.ValueLoss.mean": {
            "value": 0.039421512427157766,
            "min": 0.039421512427157766,
            "max": 0.039421512427157766,
            "count": 1
        },
        "MoveToTarget.Losses.ValueLoss.sum": {
            "value": 3.429671581162726,
            "min": 3.429671581162726,
            "max": 3.429671581162726,
            "count": 1
        },
        "MoveToTarget.Policy.LearningRate.mean": {
            "value": 0.000296868456216262,
            "min": 0.000296868456216262,
            "max": 0.000296868456216262,
            "count": 1
        },
        "MoveToTarget.Policy.LearningRate.sum": {
            "value": 0.025827555690814796,
            "min": 0.025827555690814796,
            "max": 0.025827555690814796,
            "count": 1
        },
        "MoveToTarget.Policy.Epsilon.mean": {
            "value": 0.19895615172413791,
            "min": 0.19895615172413791,
            "max": 0.19895615172413791,
            "count": 1
        },
        "MoveToTarget.Policy.Epsilon.sum": {
            "value": 17.309185199999998,
            "min": 17.309185199999998,
            "max": 17.309185199999998,
            "count": 1
        },
        "MoveToTarget.Policy.Beta.mean": {
            "value": 0.004947911971034483,
            "min": 0.004947911971034483,
            "max": 0.004947911971034483,
            "count": 1
        },
        "MoveToTarget.Policy.Beta.sum": {
            "value": 0.43046834148,
            "min": 0.43046834148,
            "max": 0.43046834148,
            "count": 1
        },
        "MoveToTarget.Environment.EpisodeLength.mean": {
            "value": 13.452312138728324,
            "min": 13.452312138728324,
            "max": 13.452312138728324,
            "count": 1
        },
        "MoveToTarget.Environment.EpisodeLength.sum": {
            "value": 9309.0,
            "min": 9309.0,
            "max": 9309.0,
            "count": 1
        },
        "MoveToTarget.Environment.CumulativeReward.mean": {
            "value": 0.8979594760106717,
            "min": 0.8979594760106717,
            "max": 0.8979594760106717,
            "count": 1
        },
        "MoveToTarget.Environment.CumulativeReward.sum": {
            "value": 620.4899979233742,
            "min": 620.4899979233742,
            "max": 620.4899979233742,
            "count": 1
        },
        "MoveToTarget.Policy.ExtrinsicReward.mean": {
            "value": 0.8979594760106717,
            "min": 0.8979594760106717,
            "max": 0.8979594760106717,
            "count": 1
        },
        "MoveToTarget.Policy.ExtrinsicReward.sum": {
            "value": 620.4899979233742,
            "min": 620.4899979233742,
            "max": 620.4899979233742,
            "count": 1
        },
        "MoveToTarget.IsTraining.mean": {
            "value": 1.0,
            "min": 1.0,
            "max": 1.0,
            "count": 1
        },
        "MoveToTarget.IsTraining.sum": {
            "value": 1.0,
            "min": 1.0,
            "max": 1.0,
            "count": 1
        }
    },
    "metadata": {
        "timer_format_version": "0.1.0",
        "start_time_seconds": "1776976536",
        "python_version": "3.10.9 (tags/v3.10.9:1dd9be6, Dec  6 2022, 20:01:21) [MSC v.1934 64 bit (AMD64)]",
        "command_line_arguments": "C:\\Users\\olavo\\mlagents-env\\Scripts\\mlagents-learn MoveToTarget.yaml --run-id=MoveToTarget_noDistance",
        "mlagents_version": "1.1.0",
        "mlagents_envs_version": "1.1.0",
        "communication_protocol_version": "1.5.0",
        "pytorch_version": "2.2.2+cpu",
        "numpy_version": "1.23.5",
        "end_time_seconds": "1776976754"
    },
    "total": 217.64155570000003,
    "count": 1,
    "self": 0.005994500002998393,
    "children": {
        "run_training.setup": {
            "total": 0.14122869999846444,
            "count": 1,
            "self": 0.14122869999846444
        },
        "TrainerController.start_learning": {
            "total": 217.49433249999856,
            "count": 1,
            "self": 0.4419007003234583,
            "children": {
                "TrainerController._reset_env": {
                    "total": 18.155242500004533,
                    "count": 1,
                    "self": 18.155242500004533
                },
                "TrainerController.advance": {
                    "total": 198.67140089966415,
                    "count": 16056,
                    "self": 0.39975189952383516,
                    "children": {
                        "env_step": {
                            "total": 150.5610115002637,
                            "count": 16056,
                            "self": 130.222870499485,
                            "children": {
                                "SubprocessEnvManager._take_step": {
                                    "total": 20.043444200731756,
                                    "count": 16056,
                                    "self": 1.4213431003809092,
                                    "children": {
                                        "TorchPolicy.evaluate": {
                                            "total": 18.622101100350847,
                                            "count": 14999,
                                            "self": 18.622101100350847
                                        }
                                    }
                                },
                                "workers": {
                                    "total": 0.29469680004694965,
                                    "count": 16055,
                                    "self": 0.0,
                                    "children": {
                                        "worker_root": {
                                            "total": 201.2763835997248,
                                            "count": 16055,
                                            "is_parallel": true,
                                            "self": 93.43088579912,
                                            "children": {
                                                "steps_from_proto": {
                                                    "total": 0.0036289999989094213,
                                                    "count": 1,
                                                    "is_parallel": true,