{
    "name": "root",
    "gauges": {
        "MoveToTarget.Policy.Entropy.mean": {
            "value": 1.5199095010757446,
            "min": 1.4166734218597412,
            "max": 1.5366857051849365,
            "count": 12
        },
        "MoveToTarget.Policy.Entropy.sum": {
            "value": 15223.4140625,
            "min": 14042.06640625,
            "max": 15385.623046875,
            "count": 12
        },
        "MoveToTarget.Environment.EpisodeLength.mean": {
            "value": 7.848806366047746,
            "min": 7.037751004016064,
            "max": 56.177142857142854,
            "count": 12
        },
        "MoveToTarget.Environment.EpisodeLength.sum": {
            "value": 8877.0,
            "min": 8762.0,
            "max": 9831.0,
            "count": 12
        },
        "MoveToTarget.Step.mean": {
            "value": 119989.0,
            "min": 9973.0,
            "max": 119989.0,
            "count": 12
        },
        "MoveToTarget.Step.sum": {
            "value": 119989.0,
            "min": 9973.0,
            "max": 119989.0,
            "count": 12
        },
        "MoveToTarget.Policy.ExtrinsicValueEstimate.mean": {
            "value": 0.7493603825569153,
            "min": 0.1551922857761383,
            "max": 0.7566240429878235,
            "count": 12
        },
        "MoveToTarget.Policy.ExtrinsicValueEstimate.sum": {
            "value": 846.7772216796875,
            "min": 39.263648986816406,
            "max": 884.9910888671875,
            "count": 12
        },
        "MoveToTarget.Environment.CumulativeReward.mean": {
            "value": 0.7979070807980225,
            "min": 0.13221262943470616,
            "max": 0.8110303046383383,
            "count": 12
        },
        "MoveToTarget.Environment.CumulativeReward.sum": {
            "value": 901.6350013017654,
            "min": 23.00499752163887,
            "max": 953.070003092289,
            "count": 12
        },
        "MoveToTarget.Policy.ExtrinsicReward.mean": {
            "value": 0.7979070807980225,
            "min": 0.13221262943470616,
            "max": 0.8110303046383383,
            "count": 12
        },
        "MoveToTarget.Policy.ExtrinsicReward.sum": {
            "value": 901.6350013017654,
            "min": 23.00499752163887,
            "max": 953.070003092289,
            "count": 12
        },
        "MoveToTarget.Losses.PolicyLoss.mean": {
            "value": 0.24864917431216388,
            "min": 0.2343759856420754,
            "max": 0.24864917431216388,
            "count": 12
        },
        "MoveToTarget.Losses.PolicyLoss.sum": {
            "value": 23.373022385343404,
            "min": 16.7426108772414,
            "max": 23.373022385343404,
            "count": 12
        },
        "MoveToTarget.Losses.ValueLoss.mean": {
            "value": 0.29174484159094277,
            "min": 0.22655782870437835,
            "max": 0.3756568093130097,
            "count": 12
        },
        "MoveToTarget.Losses.ValueLoss.sum": {
            "value": 27.42401510954862,
            "min": 16.085605838010864,
            "max": 35.434899957020136,
            "count": 12
        },
        "MoveToTarget.Policy.LearningRate.mean": {
            "value": 0.00023099739959661915,
            "min": 0.00023099739959661915,
            "max": 0.0002966237250690872,
            "count": 12
        },
        "MoveToTarget.Policy.LearningRate.sum": {
            "value": 0.0217137555620822,
            "min": 0.021060284479905194,
            "max": 0.0265058358647216,
            "count": 12
        },
        "MoveToTarget.Policy.Epsilon.mean": {
            "value": 0.1769991255319149,
            "min": 0.1769991255319149,
            "max": 0.19887457464788733,
            "count": 12
        },
        "MoveToTarget.Policy.Epsilon.sum": {
            "value": 16.6379178,
            "min": 14.1200948,
            "max": 18.335278399999996,
            "count": 12
        },
        "MoveToTarget.Policy.Beta.mean": {
            "value": 0.0038522563640425544,
            "min": 0.0038522563640425544,
            "max": 0.004943841274929577,
            "count": 12
        },
        "MoveToTarget.Policy.Beta.sum": {
            "value": 0.3621120982200001,
            "min": 0.35101273052,
            "max": 0.44183039216000003,
            "count": 12
        },
        "MoveToTarget.IsTraining.mean": {
            "value": 1.0,
            "min": 1.0,
            "max": 1.0,
            "count": 12
        },
        "MoveToTarget.IsTraining.sum": {
            "value": 1.0,
            "min": 1.0,
            "max": 1.0,
            "count": 12
        }
    },
    "metadata": {
        "timer_format_version": "0.1.0",
        "start_time_seconds": "1776977331",
        "python_version": "3.10.9 (tags/v3.10.9:1dd9be6, Dec  6 2022, 20:01:21) [MSC v.1934 64 bit (AMD64)]",
        "command_line_arguments": "C:\\Users\\olavo\\mlagents-env\\Scripts\\mlagents-learn MoveToTarget.yaml --run-id=MoveToTarget_multiarea --force",
        "mlagents_version": "1.1.0",
        "mlagents_envs_version": "1.1.0",
        "communication_protocol_version": "1.5.0",
        "pytorch_version": "2.2.2+cpu",
        "numpy_version": "1.23.5",
        "end_time_seconds": "1776977863"
    },
    "total": 532.128292399997,
    "count": 1,
    "self": 0.007623499994224403,
    "children": {
        "run_training.setup": {
            "total": 0.12424440000177128,
            "count": 1,
            "self": 0.12424440000177128
        },
        "TrainerController.start_learning": {
            "total": 531.996424500001,
            "count": 1,
            "self": 0.6328631003780174,
            "children": {
                "TrainerController._reset_env": {
                    "total": 13.445930400004727,
                    "count": 1,
                    "self": 13.445930400004727
                },
                "TrainerController.advance": {
                    "total": 517.6543871996182,
                    "count": 25192,
                    "self": 0.5737900994499796,
                    "children": {
                        "env_step": {
                            "total": 251.46668880005018,
                            "count": 25192,
                            "self": 234.55834750129725,
                            "children": {
                                "SubprocessEnvManager._take_step": {
                                    "total": 16.542197698989185,
                                    "count": 25192,
                                    "self": 1.3114513988039107,
                                    "children": {
                                        "TorchPolicy.evaluate": {
                                            "total": 15.230746300185274,
                                            "count": 15634,
                                            "self": 15.230746300185274
                                        }
                                    }
                                },
                                "workers": {
                                    "total": 0.36614359976374544,
                                    "count": 25191,
                                    "self": 0.0,
                                    "children": {
                                        "worker_root": {
                                            "total": 455.4092935002918,
                                            "count": 25191,
                                            "is_parallel": true,
                                            "self": 315.5670486010058,
                                            "children": {
                                                "steps_from_proto": {
                                                    "total": 0.0005009000014979392,
                                                    "count": 1,