{
    "name": "root",
    "gauges": {
        "Predator.Policy.Entropy.mean": {
            "value": 1.4859535694122314,
            "min": 1.418938398361206,
            "max": 1.4859535694122314,
            "count": 50
        },
        "Predator.Policy.Entropy.sum": {
            "value": 15061.6259765625,
            "min": 12826.306640625,
            "max": 162653.015625,
            "count": 50
        },
        "Predator.Environment.EpisodeLength.mean": {
            "value": 58.16279069767442,
            "min": 48.91219512195122,
            "max": 140.45070422535213,
            "count": 50
        },
        "Predator.Environment.EpisodeLength.sum": {
            "value": 10004.0,
            "min": 9524.0,
            "max": 109179.0,
            "count": 50
        },
        "Predator.Self-play.ELO.mean": {
            "value": 1661.811305784874,
            "min": 1205.2891786731632,
            "max": 1661.811305784874,
            "count": 50
        },
        "Predator.Self-play.ELO.sum": {
            "value": 285831.54459499836,
            "min": 86780.82086446775,
            "max": 335091.65835843846,
            "count": 50
        },
        "Predator.Step.mean": {
            "value": 499940.0,
            "min": 9673.0,
            "max": 499940.0,
            "count": 50
        },
        "Predator.Step.sum": {
            "value": 499940.0,
            "min": 9673.0,
            "max": 499940.0,
            "count": 50
        },
        "Predator.Policy.ExtrinsicValueEstimate.mean": {
            "value": 0.7643674612045288,
            "min": -2.5359251499176025,
            "max": 0.7643674612045288,
            "count": 50
        },
        "Predator.Policy.ExtrinsicValueEstimate.sum": {
            "value": 131.47120666503906,
            "min": -225.6973419189453,
            "max": 155.77232360839844,
            "count": 50
        },
        "Predator.Environment.CumulativeReward.mean": {
            "value": 0.9997558880050472,
            "min": -10.400847138246705,
            "max": 1.0257446034763182,
            "count": 50
        },
        "Predator.Environment.CumulativeReward.sum": {
            "value": 171.9580127368681,
            "min": -738.460146815516,
            "max": 197.9687084709294,
            "count": 50
        },
        "Predator.Policy.ExtrinsicReward.mean": {
            "value": 0.9997558880050472,
            "min": -10.400847138246705,
            "max": 1.0257446034763182,
            "count": 50
        },
        "Predator.Policy.ExtrinsicReward.sum": {
            "value": 171.9580127368681,
            "min": -738.460146815516,
            "max": 197.9687084709294,
            "count": 50
        },
        "Predator.IsTraining.mean": {
            "value": 1.0,
            "min": 1.0,
            "max": 1.0,
            "count": 50
        },
        "Predator.IsTraining.sum": {
            "value": 1.0,
            "min": 1.0,
            "max": 1.0,
            "count": 50
        },
        "Predator.Losses.PolicyLoss.mean": {
            "value": 0.01823588292269657,
            "min": 0.016264618428734442,
            "max": 0.030960082542151213,
            "count": 48
        },
        "Predator.Losses.PolicyLoss.sum": {
            "value": 0.01823588292269657,
            "min": 0.016264618428734442,
            "max": 0.030960082542151213,
            "count": 48
        },
        "Predator.Losses.ValueLoss.mean": {
            "value": 1.1010153924425443,
            "min": 0.9639632801214854,
            "max": 18.582477823893228,
            "count": 48
        },
        "Predator.Losses.ValueLoss.sum": {
            "value": 1.1010153924425443,
            "min": 0.9639632801214854,
            "max": 18.582477823893228,
            "count": 48
        },
        "Predator.Policy.LearningRate.mean": {
            "value": 0.0003,
            "min": 0.0003,
            "max": 0.0003,
            "count": 48
        },
        "Predator.Policy.LearningRate.sum": {
            "value": 0.0003,
            "min": 0.0003,
            "max": 0.0003,
            "count": 48
        },
        "Predator.Policy.Epsilon.mean": {
            "value": 0.20000000000000007,
            "min": 0.20000000000000007,
            "max": 0.20000000000000007,
            "count": 48
        },
        "Predator.Policy.Epsilon.sum": {
            "value": 0.20000000000000007,
            "min": 0.20000000000000007,
            "max": 0.20000000000000007,
            "count": 48
        },
        "Predator.Policy.Beta.mean": {
            "value": 0.005000000000000001,
            "min": 0.005000000000000001,
            "max": 0.005000000000000001,
            "count": 48
        },
        "Predator.Policy.Beta.sum": {
            "value": 0.005000000000000001,
            "min": 0.005000000000000001,
            "max": 0.005000000000000001,
            "count": 48
        },
        "Prey.Policy.Entropy.mean": {
            "value": 1.3484793901443481,
            "min": 1.3484793901443481,
            "max": 1.4216434955596924,
            "count": 50
        },
        "Prey.Policy.Entropy.sum": {
            "value": 13776.0654296875,
            "min": 11746.40234375,
            "max": 160260.578125,
            "count": 50
        },
        "Prey.Environment.EpisodeLength.mean": {
            "value": 66.8974358974359,
            "min": 58.115591397849464,
            "max": 136.16666666666666,
            "count": 50
        },
        "Prey.Environment.EpisodeLength.sum": {
            "value": 10436.0,
            "min": 9515.0,
            "max": 109302.0,
            "count": 50
        },
        "Prey.Self-play.ELO.mean": {
            "value": 1448.6162869299878,
            "min": 1162.1209558264852,
            "max": 1448.6162869299878,
            "count": 50
        },
        "Prey.Self-play.ELO.sum": {
            "value": 225984.1407610781,
            "min": 89896.82334561006,
            "max": 225984.1407610781,
            "count": 50
        },
        "Prey.Step.mean": {
            "value": 499823.0,
            "min": 9926.0,
            "max": 499823.0,
            "count": 50
        },
        "Prey.Step.sum": {
            "value": 499823.0,
            "min": 9926.0,
            "max": 499823.0,
            "count": 50
        },
        "Prey.Policy.ExtrinsicValueEstimate.mean": {
            "value": 0.07858024537563324,
            "min": -0.03811243176460266,
            "max": 2.366084575653076,
            "count": 50
        },
        "Prey.Policy.ExtrinsicValueEstimate.sum": {
            "value": 12.179938316345215,
            "min": -3.1252193450927734,
            "max": 247.3143310546875,
            "count": 50
        },
        "Prey.Environment.CumulativeReward.mean": {
            "value": -0.1032258064516129,
            "min": -0.3652694610778443,
            "max": 9.875,
            "count": 50
        },
        "Prey.Environment.CumulativeReward.sum": {
            "value": -16.0,
            "min": -61.0,
            "max": 711.0,
            "count": 50
        },
        "Prey.Policy.ExtrinsicReward.mean": {
            "value": -0.1032258064516129,
            "min": -0.3652694610778443,
            "max": 9.875,
            "count": 50
        },
        "Prey.Policy.ExtrinsicReward.sum": {
            "value": -16.0,
            "min": -61.0,
            "max": 711.0,
            "count": 50
        },
        "Prey.IsTraining.mean": {
            "value": 1.0,
            "min": 1.0,
            "max": 1.0,
            "count": 50
        },
        "Prey.IsTraining.sum": {
            "value": 1.0,
            "min": 1.0,
            "max": 1.0,
            "count": 50
        },
        "Prey.Losses.PolicyLoss.mean": {
            "value": 0.026245705038309097,
            "min": 0.019069592057106396,
            "max": 0.030695012584328652,
            "count": 48
        },